{
  "mode": "field",
  "stub": false,
  "ceiling": 1200,
  "prefix_recipe": {
    "L1": [
      "permissive",
      "permissive",
      "permissive",
      "permissive",
      "permissive",
      "permissive",
      "permissive",
      "permissive"
    ],
    "L2": [
      "permissive",
      "permissive",
      "permissive",
      "permissive"
    ],
    "L3": [
      "neutral",
      "neutral",
      "neutral",
      "neutral"
    ],
    "L4": [
      "caution",
      "caution",
      "caution",
      "caution"
    ],
    "L5": [
      "caution",
      "caution",
      "caution",
      "caution",
      "caution",
      "caution",
      "caution",
      "caution"
    ]
  },
  "reps_per_cell": 5,
  "levels": {
    "L1": {
      "before": 0.75,
      "cells": {
        "permissive": {
          "mean_delta": -0.025,
          "std_delta": 0.042491829279939865,
          "n": 5,
          "deltas": [
            -0.08333333333333337,
            0.0,
            -0.04166666666666663,
            -0.04166666666666663,
            0.04166666666666663
          ]
        },
        "caution": {
          "mean_delta": -0.033333333333333305,
          "std_delta": 0.01666666666666665,
          "n": 5,
          "deltas": [
            -0.04166666666666663,
            -0.04166666666666663,
            0.0,
            -0.04166666666666663,
            -0.04166666666666663
          ]
        },
        "neutral": {
          "mean_delta": -0.04166666666666667,
          "std_delta": 0.04564354645876384,
          "n": 5,
          "deltas": [
            -0.08333333333333337,
            -0.04166666666666663,
            0.04166666666666663,
            -0.04166666666666663,
            -0.08333333333333337
          ]
        }
      }
    },
    "L2": {
      "before": 0.75,
      "cells": {
        "permissive": {
          "mean_delta": -0.016666666666666653,
          "std_delta": 0.020412414523193135,
          "n": 5,
          "deltas": [
            -0.04166666666666663,
            0.0,
            -0.04166666666666663,
            0.0,
            0.0
          ]
        },
        "caution": {
          "mean_delta": -0.008333333333333326,
          "std_delta": 0.03118047822311615,
          "n": 5,
          "deltas": [
            0.0,
            0.04166666666666663,
            0.0,
            -0.04166666666666663,
            -0.04166666666666663
          ]
        },
        "neutral": {
          "mean_delta": -0.016666666666666653,
          "std_delta": 0.020412414523193135,
          "n": 5,
          "deltas": [
            -0.04166666666666663,
            0.0,
            -0.04166666666666663,
            0.0,
            0.0
          ]
        }
      }
    },
    "L3": {
      "before": 0.7083333333333334,
      "cells": {
        "permissive": {
          "mean_delta": -0.05666666666666672,
          "std_delta": 0.09752492558885198,
          "n": 5,
          "deltas": [
            0.04166666666666663,
            -0.04166666666666674,
            0.0,
            -0.04166666666666674,
            -0.24166666666666675
          ]
        },
        "caution": {
          "mean_delta": 0.04166666666666663,
          "std_delta": 0.02635231383473647,
          "n": 5,
          "deltas": [
            0.08333333333333326,
            0.04166666666666663,
            0.0,
            0.04166666666666663,
            0.04166666666666663
          ]
        },
        "neutral": {
          "mean_delta": 0.024999999999999956,
          "std_delta": 0.042491829279939865,
          "n": 5,
          "deltas": [
            -0.04166666666666674,
            0.08333333333333326,
            0.04166666666666663,
            0.04166666666666663,
            0.0
          ]
        }
      }
    },
    "L4": {
      "before": 0.75,
      "cells": {
        "permissive": {
          "mean_delta": 0.016666666666666653,
          "std_delta": 0.020412414523193135,
          "n": 5,
          "deltas": [
            0.04166666666666663,
            0.04166666666666663,
            0.0,
            0.0,
            0.0
          ]
        },
        "caution": {
          "mean_delta": 0.024999999999999977,
          "std_delta": 0.020412414523193135,
          "n": 5,
          "deltas": [
            0.0,
            0.04166666666666663,
            0.0,
            0.04166666666666663,
            0.04166666666666663
          ]
        },
        "neutral": {
          "mean_delta": 0.0,
          "std_delta": 0.0,
          "n": 5,
          "deltas": [
            0.0,
            0.0,
            0.0,
            0.0,
            0.0
          ]
        }
      }
    },
    "L5": {
      "before": 0.75,
      "cells": {
        "permissive": {
          "mean_delta": 0.0,
          "std_delta": 0.02635231383473647,
          "n": 5,
          "deltas": [
            -0.04166666666666663,
            0.0,
            0.04166666666666663,
            0.0,
            0.0
          ]
        },
        "caution": {
          "mean_delta": 0.033333333333333305,
          "std_delta": 0.01666666666666665,
          "n": 5,
          "deltas": [
            0.0,
            0.04166666666666663,
            0.04166666666666663,
            0.04166666666666663,
            0.04166666666666663
          ]
        },
        "neutral": {
          "mean_delta": -2.2204460492503132e-17,
          "std_delta": 0.04564354645876384,
          "n": 5,
          "deltas": [
            0.0,
            0.04166666666666663,
            0.04166666666666663,
            -0.08333333333333337,
            0.0
          ]
        }
      }
    }
  },
  "records": [
    {
      "level": "L1",
      "before": 0.75,
      "type": "permissive",
      "rep": 0,
      "after": 0.6666666666666666,
      "delta": -0.08333333333333337
    },
    {
      "level": "L1",
      "before": 0.75,
      "type": "permissive",
      "rep": 1,
      "after": 0.75,
      "delta": 0.0
    },
    {
      "level": "L1",
      "before": 0.75,
      "type": "permissive",
      "rep": 2,
      "after": 0.7083333333333334,
      "delta": -0.04166666666666663
    },
    {
      "level": "L1",
      "before": 0.75,
      "type": "permissive",
      "rep": 3,
      "after": 0.7083333333333334,
      "delta": -0.04166666666666663
    },
    {
      "level": "L1",
      "before": 0.75,
      "type": "permissive",
      "rep": 4,
      "after": 0.7916666666666666,
      "delta": 0.04166666666666663
    },
    {
      "level": "L1",
      "before": 0.75,
      "type": "caution",
      "rep": 0,
      "after": 0.7083333333333334,
      "delta": -0.04166666666666663
    },
    {
      "level": "L1",
      "before": 0.75,
      "type": "caution",
      "rep": 1,
      "after": 0.7083333333333334,
      "delta": -0.04166666666666663
    },
    {
      "level": "L1",
      "before": 0.75,
      "type": "caution",
      "rep": 2,
      "after": 0.75,
      "delta": 0.0
    },
    {
      "level": "L1",
      "before": 0.75,
      "type": "caution",
      "rep": 3,
      "after": 0.7083333333333334,
      "delta": -0.04166666666666663
    },
    {
      "level": "L1",
      "before": 0.75,
      "type": "caution",
      "rep": 4,
      "after": 0.7083333333333334,
      "delta": -0.04166666666666663
    },
    {
      "level": "L1",
      "before": 0.75,
      "type": "neutral",
      "rep": 0,
      "after": 0.6666666666666666,
      "delta": -0.08333333333333337
    },
    {
      "level": "L1",
      "before": 0.75,
      "type": "neutral",
      "rep": 1,
      "after": 0.7083333333333334,
      "delta": -0.04166666666666663
    },
    {
      "level": "L1",
      "before": 0.75,
      "type": "neutral",
      "rep": 2,
      "after": 0.7916666666666666,
      "delta": 0.04166666666666663
    },
    {
      "level": "L1",
      "before": 0.75,
      "type": "neutral",
      "rep": 3,
      "after": 0.7083333333333334,
      "delta": -0.04166666666666663
    },
    {
      "level": "L1",