{
  "verdict": "PASS",
  "mean_diff": 0.012651777952221499,
  "pairs_ok": 10,
  "pair_diffs": [
    0.00510883082465674,
    0.006939285901724324,
    0.00018132980913221353,
    0.0028601551224682886,
    0.009954120056355764,
    0.028430187238952076,
    0.0,
    0.02837545690970722,
    0.04069819957103782,
    0.003970214088179214
  ],
  "warmths": [
    0.2,
    0.2666666666666667,
    0.33333333333333337,
    0.4,
    0.46666666666666673,
    0.5333333333333334,
    0.6000000000000001,
    0.6666666666666667,
    0.7333333333333334,
    0.8
  ],
  "finals_real": [
    [
      -0.9995111961521681,
      0.8035902137997292,
      -1.166420312235056,
      -1.1429246281452714,
      0.23377587235041802
    ],
    [
      -0.9647758926170656,
      0.6182580109170118,
      -1.146572349365313,
      -1.2,
      0.2869706471092835
    ],
    [
      -0.9638995907055419,
      0.6014536061069259,
      -1.1944538265986653,
      -1.1991371924945002,
      0.25204674314818537
    ],
    [
      -0.9998661332231931,
      0.6198939671604604,
      -1.1569352131400483,
      -1.1251987812823923,
      0.17783330375656503
    ],
    [
      -0.9967196314568273,
      0.6719236261427437,
      -1.1992194297582084,
      -1.1406313679392546,
      0.3354668421789654
    ],
    [
      -0.9997310152385608,
      0.7058834571713798,
      -1.1955538699914678,
      -1.1305810162434458,
      0.3345393117995867
    ],
    [
      -0.9766178470345632,
      0.7172023908064582,
      -1.2,
      -1.1414790549908305,
      0.20366412011271692
    ],
    [
      -0.9807432374026521,
      0.49915265846395906,
      -1.193706525555819,
      -1.1571178455614852,
      0.26842142108075256
    ],
    [
      -0.9940778914642466,
      0.6255232966788645,
      -1.194538935251934,
      -1.1436303893596185,
      0.48509212237601673
    ],
    [
      -0.9922253577952244,
      0.6346272870064232,
      -1.1915010680663465,
      -1.1604914318662773,
      0.3242976416754081
    ]
  ],
  "finals_field": [
    [
      -0.9911764302623733,
      0.6869208940040832,
      -1.1613114814103993,
      -1.1120398412096788,
      0.1878529583962614
    ],
    [
      -0.9850544198268129,
      0.3879493876047121,
      -1.1396330634635887,
      -1.2,
      0.23018392681737668
    ],
    [
      -0.9563831290723025,
      0.49571635869513603,
      -1.194272496789533,
      -1.1987452376048207,
      0.20976390939052555
    ],
    [
      -0.8778303323729353,
      0.5187466195739041,
      -1.15407505801758,
      -1.0971874805791195,
      0.1661263663898214
    ],
    [
      -0.737688314832587,
      0.42625353847010866,
      -1.1892653097018526,
      -1.1073907313201279,
      0.29683419423626034
    ],
    [
      -0.9130948686896523,
      0.5179010563696154,
      -1.1671236827525158,
      -1.0890846215333343,
      0.31673360769595527
    ],
    [
      -0.8278080605779017,
      0.5537886979590211,
      -1.2,
      -1.10841947260821,
      0.17617478498935613
    ],
    [
      -0.9144694217585841,
      0.33132927134828427,
      -1.1653310686461118,
      -1.1353142221410812,
      0.24983322009018316
    ],
    [
      -0.7871716730659369,
      0.4292654751631695,
      -1.1538407356808962,
      -1.125499374960975,
      0.4568478545556215
    ],
    [
      -0.8675234684211673,
      0.36967668458275205,
      -1.1875308539781673,
      -1.1112657998478714,
      0.3020582645855151
    ]
  ],
  "n_calls": 2500,
  "hard_fails": 0,
  "elapsed_min": 64.9,
  "params": {
    "n": 10,
    "length": 250,
    "stream_seed": 51,
    "field_seed": 31,
    "pair_seed_base": 1000,
    "model": "qwen3.5:9b"
  }
}