{
  "mode": "field",
  "stub": false,
  "ceiling": 1200,
  "prefix_recipe": {
    "L1": [
      "permissive",
      "permissive",
      "permissive",
      "permissive",
      "permissive",
      "permissive",
      "permissive",
      "permissive"
    ],
    "L2": [
      "permissive",
      "permissive",
      "permissive",
      "permissive"
    ],
    "L3": [
      "neutral",
      "neutral",
      "neutral",
      "neutral"
    ],
    "L4": [
      "caution",
      "caution",
      "caution",
      "caution"
    ],
    "L5": [
      "caution",
      "caution",
      "caution",
      "caution",
      "caution",
      "caution",
      "caution",
      "caution"
    ]
  },
  "reps_per_cell": 5,
  "levels": {
    "L1": {
      "before": 0.6666666666666666,
      "cells": {
        "permissive": {
          "mean_delta": -0.024999999999999932,
          "std_delta": 0.07264831572567787,
          "n": 5,
          "deltas": [
            0.04166666666666674,
            0.08333333333333337,
            -0.08333333333333326,
            -0.08333333333333326,
            -0.08333333333333326
          ]
        },
        "caution": {
          "mean_delta": -0.016666666666666607,
          "std_delta": 0.0565194165260439,
          "n": 5,
          "deltas": [
            0.04166666666666674,
            0.04166666666666674,
            -0.08333333333333326,
            0.0,
            -0.08333333333333326
          ]
        },
        "neutral": {
          "mean_delta": -0.09166666666666663,
          "std_delta": 0.06666666666666667,
          "n": 5,
          "deltas": [
            -0.16666666666666663,
            -0.08333333333333326,
            0.0,
            -0.16666666666666663,
            -0.04166666666666663
          ]
        }
      }
    },
    "L2": {
      "before": 0.75,
      "cells": {
        "permissive": {
          "mean_delta": -0.033333333333333326,
          "std_delta": 0.031180478223116186,
          "n": 5,
          "deltas": [
            -0.08333333333333337,
            0.0,
            -0.04166666666666663,
            -0.04166666666666663,
            0.0
          ]
        },
        "caution": {
          "mean_delta": -0.008333333333333349,
          "std_delta": 0.04082482904638631,
          "n": 5,
          "deltas": [
            0.0,
            0.0,
            -0.08333333333333337,
            0.0,
            0.04166666666666663
          ]
        },
        "neutral": {
          "mean_delta": -0.05,
          "std_delta": 0.05527707983925666,
          "n": 5,
          "deltas": [
            0.04166666666666663,
            -0.04166666666666663,
            -0.04166666666666663,
            -0.125,
            -0.08333333333333337
          ]
        }
      }
    },
    "L3": {
      "before": 0.5,
      "cells": {
        "permissive": {
          "mean_delta": -0.015000000000000003,
          "std_delta": 0.07681145747868608,
          "n": 5,
          "deltas": [
            -0.08333333333333331,
            0.125,
            -0.08333333333333331,
            0.0,
            -0.03333333333333338
          ]
        },
        "caution": {
          "mean_delta": 0.16666666666666666,
          "std_delta": 0.06972166887783965,
          "n": 5,
          "deltas": [
            0.16666666666666663,
            0.20833333333333337,
            0.04166666666666663,
            0.25,
            0.16666666666666663
          ]
        },
        "neutral": {
          "mean_delta": 0.07500000000000001,
          "std_delta": 0.08897565210026094,
          "n": 5,
          "deltas": [
            0.125,
            -0.041666666666666685,
            0.08333333333333337,
            0.0,
            0.20833333333333337
          ]
        }
      }
    },
    "L4": {
      "before": 0.75,
      "cells": {
        "permissive": {
          "mean_delta": -0.04166666666666667,
          "std_delta": 0.08740073734751264,
          "n": 5,
          "deltas": [
            -0.04166666666666663,
            0.0,
            -0.20833333333333337,
            0.0,
            0.04166666666666663
          ]
        },
        "caution": {
          "mean_delta": 0.0,
          "std_delta": 0.02635231383473647,
          "n": 5,
          "deltas": [
            0.04166666666666663,
            -0.04166666666666663,
            0.0,
            0.0,
            0.0
          ]
        },
        "neutral": {
          "mean_delta": 0.0,
          "std_delta": 0.0,
          "n": 5,
          "deltas": [
            0.0,
            0.0,
            0.0,
            0.0,
            0.0
          ]
        }
      }
    },
    "L5": {
      "before": 0.7083333333333334,
      "cells": {
        "permissive": {
          "mean_delta": -0.08333333333333337,
          "std_delta": 0.07905694150420949,
          "n": 5,
          "deltas": [
            0.04166666666666663,
            -0.08333333333333337,
            -0.08333333333333337,
            -0.08333333333333337,
            -0.20833333333333337
          ]
        },
        "caution": {
          "mean_delta": -0.05833333333333335,
          "std_delta": 0.067700320038633,
          "n": 5,
          "deltas": [
            0.04166666666666663,
            -0.125,
            0.0,
            -0.125,
            -0.08333333333333337
          ]
        },
        "neutral": {
          "mean_delta": -0.08333333333333337,
          "std_delta": 0.03726779962499646,
          "n": 5,
          "deltas": [
            -0.125,
            -0.04166666666666674,
            -0.08333333333333337,
            -0.04166666666666674,
            -0.125
          ]
        }
      }
    }
  },
  "records": [
    {
      "level": "L1",
      "before": 0.6666666666666666,
      "type": "permissive",
      "rep": 0,
      "after": 0.7083333333333334,
      "delta": 0.04166666666666674
    },
    {
      "level": "L1",
      "before": 0.6666666666666666,
      "type": "permissive",
      "rep": 1,
      "after": 0.75,
      "delta": 0.08333333333333337
    },
    {
      "level": "L1",
      "before": 0.6666666666666666,
      "type": "permissive",
      "rep": 2,
      "after": 0.5833333333333334,
      "delta": -0.08333333333333326
    },
    {
      "level": "L1",
      "before": 0.6666666666666666,
      "type": "permissive",
      "rep": 3,
      "after": 0.5833333333333334,
      "delta": -0.08333333333333326
    },
    {
      "level": "L1",
      "before": 0.6666666666666666,
      "type": "permissive",
      "rep": 4,
      "after": 0.5833333333333334,
      "delta": -0.08333333333333326
    },
    {
      "level": "L1",
      "before": 0.6666666666666666,
      "type": "caution",
      "rep": 0,
      "after": 0.7083333333333334,
      "delta": 0.04166666666666674
    },
    {
      "level": "L1",
      "before": 0.6666666666666666,
      "type": "caution",
      "rep": 1,
      "after": 0.7083333333333334,
      "delta": 0.04166666666666674
    },
    {
      "level": "L1",
      "before": 0.6666666666666666,
      "type": "caution",
      "rep": 2,
      "after": 0.5833333333333334,
      "delta": -0.08333333333333326
    },
    {
      "level": "L1",
      "before": 0.6666666666666666,
      "type": "caution",
      "rep": 3,
      "after": 0.6666666666666666,
      "delta": 0.0
    },
    {
      "level": "L1",
      "before": 0.6666666666666666,
      "type": "caution",
      "rep": 4,
      "after": 0.5833333333333334,
      "delta": -0.08333333333333326
    },
    {
      "level": "L1",
      "before": 0.6666666666666666,
      "type": "neutral",
      "rep": 0,
      "after": 0.5,
      "delta": -0.16666666666666663
    },
    {
      "level": "L1",
      "before": 0.6666666666666666,
      "type": "neutral",
      "rep": 1,
      "after": 0.5833333333333334,
      "delta": -0.08333333333333326
    },
    {
      "level": "L1",
      "before": 0.6666666666666666,
      "type": "neutral",
      "rep": 2,