{
  "model": {
    "a": -0.08958756625158423,
    "b": -0.03932152558758097,
    "drive": {
      "permissive": -0.04322717788785455,
      "caution": -0.02322717788785451,
      "neutral": -0.18306717788785448
    },
    "sse": 0.10104343838550825,
    "method": "scipy.least_squares"
  },
  "sim_start_caution": 0.7916666666666666,
  "sim_exp1": {
    "baseline": 0.0764730323103513,
    "min": 0.12498532480080998,
    "final": 0.0,
    "drop": -0.048512292490458686,
    "recovery_ratio": 2.576364017952602
  },
  "sim_exp2": {
    "std": 0.004737041207120317,
    "r": -0.5448332315222413,
    "finals": [
      0.0,
      0.0,
      0.0,
      0.0,
      0.0068042939161278015,
      0.0068042939161278015,
      0.01413918826015631,
      0.005805854926822951,
      0.0,
      0.0,
      0.010661689606358826,
      0.0068042939161278015
    ],
    "fq_shares": [
      0.6,
      0.6,
      0.5,
      0.5,
      0.0,
      0.4,
      0.2,
      0.3,
      0.3,
      0.3,
      0.4,
      0.3
    ]
  },
  "pred4a": {
    "observed": 3.7999999999999976,
    "sim": 2.576364017952602,
    "diff": 1.2236359820473957,
    "pass": false
  },
  "pred4b": {
    "observed": -0.38851434494290554,
    "sim": -0.5448332315222413,
    "diff": 0.15631888657933574,
    "same_sign": true,
    "pass": true
  }
}