{
  "seed": 74,
  "n_walks": 10000,
  "step_variance": 0.02049370659722222,
  "step_sd": 0.14315623142993888,
  "start": 0.7083333333333334,
  "pearson_r_null": {
    "pct95_abs_r": 0.5755256067852218,
    "observed_memory_abs_r": 0.38851434494290554,
    "observed_memory_r": -0.38851434494290554,
    "observed_control_r": 0.5745109175189874,
    "observed_memory_percentile": 78.17
  },
  "recovery_ratio_null": {
    "observed_memory_recovery": 3.7999999999999976,
    "null_median": 0.0,
    "observed_percentile": 91.86999999999999,
    "n_valid": 10000
  }
}