{
  "mode": "field",
  "stub": false,
  "ceiling": 1200,
  "prefix_recipe": {
    "L1": [
      "permissive",
      "permissive",
      "permissive",
      "permissive",
      "permissive",
      "permissive",
      "permissive",
      "permissive"
    ],
    "L2": [
      "permissive",
      "permissive",
      "permissive",
      "permissive"
    ],
    "L3": [
      "neutral",
      "neutral",
      "neutral",
      "neutral"
    ],
    "L4": [
      "caution",
      "caution",
      "caution",
      "caution"
    ],
    "L5": [
      "caution",
      "caution",
      "caution",
      "caution",
      "caution",
      "caution",
      "caution",
      "caution"
    ]
  },
  "reps_per_cell": 5,
  "levels": {
    "L1": {
      "before": 0.875,
      "cells": {
        "permissive": {
          "mean_delta": -0.033333333333333326,
          "std_delta": 0.07168604389202188,
          "n": 5,
          "deltas": [
            0.0,
            -0.16666666666666663,
            -0.04166666666666663,
            0.0,
            0.04166666666666663
          ]
        },
        "caution": {
          "mean_delta": -0.025000000000000022,
          "std_delta": 0.0565194165260439,
          "n": 5,
          "deltas": [
            0.04166666666666663,
            -0.08333333333333337,
            0.04166666666666663,
            -0.04166666666666663,
            -0.08333333333333337
          ]
        },
        "neutral": {
          "mean_delta": -0.1,
          "std_delta": 0.042491829279939865,
          "n": 5,
          "deltas": [
            -0.16666666666666663,
            -0.08333333333333337,
            -0.125,
            -0.04166666666666663,
            -0.08333333333333337
          ]
        }
      }
    },
    "L2": {
      "before": 0.7916666666666666,
      "cells": {
        "permissive": {
          "mean_delta": 0.01666666666666672,
          "std_delta": 0.033333333333333354,
          "n": 5,
          "deltas": [
            0.0,
            -0.04166666666666663,
            0.04166666666666674,
            0.04166666666666674,
            0.04166666666666674
          ]
        },
        "caution": {
          "mean_delta": 0.01666666666666672,
          "std_delta": 0.05,
          "n": 5,
          "deltas": [
            -0.04166666666666663,
            0.08333333333333337,
            0.04166666666666674,
            -0.04166666666666663,
            0.04166666666666674
          ]
        },
        "neutral": {
          "mean_delta": 0.025000000000000043,
          "std_delta": 0.020412414523193187,
          "n": 5,
          "deltas": [
            0.0,
            0.04166666666666674,
            0.04166666666666674,
            0.04166666666666674,
            0.0
          ]
        }
      }
    },
    "L3": {
      "before": 0.625,
      "cells": {
        "permissive": {
          "mean_delta": 0.1,
          "std_delta": 0.119605834120061,
          "n": 5,
          "deltas": [
            0.16666666666666663,
            0.08333333333333337,
            0.0,
            0.29166666666666663,
            -0.04166666666666663
          ]
        },
        "caution": {
          "mean_delta": 0.18333333333333335,
          "std_delta": 0.140929454377398,
          "n": 5,
          "deltas": [
            0.33333333333333337,
            0.25,
            0.08333333333333337,
            0.29166666666666663,
            -0.04166666666666663
          ]
        },
        "neutral": {
          "mean_delta": -0.016666666666666653,
          "std_delta": 0.09354143466934854,
          "n": 5,
          "deltas": [
            0.0,
            -0.125,
            0.08333333333333337,
            -0.125,
            0.08333333333333337
          ]
        }
      }
    },
    "L4": {
      "before": 1.0,
      "cells": {
        "permissive": {
          "mean_delta": -0.033333333333333305,
          "std_delta": 0.01666666666666665,
          "n": 5,
          "deltas": [
            -0.04166666666666663,
            -0.04166666666666663,
            0.0,
            -0.04166666666666663,
            -0.04166666666666663
          ]
        },
        "caution": {
          "mean_delta": -0.033333333333333305,
          "std_delta": 0.016666666666666653,
          "n": 5,
          "deltas": [
            -0.04166666666666663,
            -0.04166666666666663,
            -0.04166666666666663,
            -0.04166666666666663,
            0.0
          ]
        },
        "neutral": {
          "mean_delta": -0.024999999999999977,
          "std_delta": 0.02041241452319313,
          "n": 5,
          "deltas": [
            -0.04166666666666663,
            -0.04166666666666663,
            0.0,
            -0.04166666666666663,
            0.0
          ]
        }
      }
    },
    "L5": {
      "before": 1.0,
      "cells": {
        "permissive": {
          "mean_delta": -0.016666666666666653,
          "std_delta": 0.020412414523193135,
          "n": 5,
          "deltas": [
            0.0,
            -0.04166666666666663,
            -0.04166666666666663,
            0.0,
            0.0
          ]
        },
        "caution": {
          "mean_delta": -0.024999999999999977,
          "std_delta": 0.02041241452319313,
          "n": 5,
          "deltas": [
            -0.04166666666666663,
            -0.04166666666666663,
            -0.04166666666666663,
            0.0,
            0.0
          ]
        },
        "neutral": {
          "mean_delta": -0.025,
          "std_delta": 0.03333333333333334,
          "n": 5,
          "deltas": [
            -0.08333333333333337,
            0.0,
            -0.04166666666666663,
            0.0,
            0.0
          ]
        }
      }
    }
  },
  "records": [
    {
      "level": "L1",
      "before": 0.875,
      "type": "permissive",
      "rep": 0,
      "after": 0.875,
      "delta": 0.0
    },
    {
      "level": "L1",
      "before": 0.875,
      "type": "permissive",
      "rep": 1,
      "after": 0.7083333333333334,
      "delta": -0.16666666666666663
    },
    {
      "level": "L1",
      "before": 0.875,
      "type": "permissive",
      "rep": 2,
      "after": 0.8333333333333334,
      "delta": -0.04166666666666663
    },
    {
      "level": "L1",
      "before": 0.875,
      "type": "permissive",
      "rep": 3,
      "after": 0.875,
      "delta": 0.0
    },
    {
      "level": "L1",
      "before": 0.875,
      "type": "permissive",
      "rep": 4,
      "after": 0.9166666666666666,
      "delta": 0.04166666666666663
    },
    {
      "level": "L1",
      "before": 0.875,
      "type": "caution",
      "rep": 0,
      "after": 0.9166666666666666,
      "delta": 0.04166666666666663
    },
    {
      "level": "L1",
      "before": 0.875,
      "type": "caution",
      "rep": 1,
      "after": 0.7916666666666666,
      "delta": -0.08333333333333337
    },
    {
      "level": "L1",
      "before": 0.875,
      "type": "caution",
      "rep": 2,
      "after": 0.9166666666666666,
      "delta": 0.04166666666666663
    },
    {
      "level": "L1",
      "before": 0.875,
      "type": "caution",
      "rep": 3,
      "after": 0.8333333333333334,
      "delta": -0.04166666666666663
    },
    {
      "level": "L1",
      "before": 0.875,
      "type": "caution",
      "rep": 4,
      "after": 0.7916666666666666,
      "delta": -0.08333333333333337
    },
    {
      "level": "L1",
      "before": 0.875,
      "type": "neutral",
      "rep": 0,
      "after": 0.7083333333333334,
      "delta": -0.16666666666666663
    },
    {
      "level": "L1",
      "before": 0.875,
      "type": "neutral",
      "rep": 1,
      "after": 0.7916666666666666,
      "delta": -0.08333333333333337
    },
    {
      "level": "L1",
      "before": 0.875,
      "type": "neutral",
      "rep": 2,
      "after": 0.75,
      "delta": -0.125
    },
    {
      "level": "L1",
      "before": 0.875,
      "type": "neutral",
      "rep": 3,