{
  "rung": "R1",
  "seed": 74,
  "n_walks": 10000,
  "step_variance": 0.01443008401920439,
  "step_sd": 0.12012528467897336,
  "n_probe_diffs": 36,
  "start": 0.9062500000000001,
  "walk_n_steps": 3,
  "pct95_abs_r": 0.5835406880331543,
  "observed_memory_r": 0.015100469216619826,
  "observed_memory_abs_r": 0.015100469216619826,
  "observed_memory_percentile": 3.71,
  "memory_std_final": 0.04645516722312379,
  "memory_finals": [
    0.9166666666666666,
    0.9583333333333334,
    0.875,
    0.9583333333333334,
    0.9166666666666666,
    1.0,
    0.9583333333333334,
    0.9583333333333334,
    0.8333333333333334,
    0.9583333333333334,
    0.9583333333333334,
    1.0
  ],
  "bimodality_counts": {
    "below_0.40": 0,
    "0.40-0.60": 0,
    "above_0.60": 12
  },
  "V1_path_dependence_beyond_null": false
}